/about-dva/factsheets/dva-factsheets-keyword,63106
/about-dva/factsheets/dva-factsheets-number,30344
/factsheet-is30-pension-rates-limits-and-allowances-summary,24515
/factsheet-hsv59-eligibility-dva-health-card-all-conditions-gold-or-totally-permanently-incapacitated,21052
/factsheet-hsv60-using-dva-health-card-all-conditions-gold-or-dva-health-card-totally-permanently,17058
/factsheet-hsv109-non-liability-health-care,16397
/about-dva/factsheets/dva-factsheets-new-updated,12813
/factsheet-hcs01-veterans-home-care,13191
/factsheet-hsv61-dva-health-card-specific-conditions-white,11988
/factsheet-is145-pension-paydays-allowance-payment-dates-pension-periods-2017,12269
/factsheet-mrc07-permanent-impairment-compensation-payments,10446
/factsheet-is126-commonwealth-seniors-health-card,10774
/factsheet-dp43-disability-pension-and-war-widower-s-pension-rates-and-allowances,8645
/factsheet-hsv01-health-services-available-veteran-community,9130
/factsheet-hsv06-respite-care-and-carer-support,8315
/factsheet-mrc08-incapacity-work,7540
/factsheet-hsv02-claiming-travelling-expenses-under-repatriation-transport-scheme,7658
/factsheet-is01-service-pension-overview,7608
/factsheet-br04-bereavement-information,6941
/factsheet-mrc04-compensation-payment-rates,6975
/factsheet-con01-concessions-new-south-wales,6799
/factsheet-con03-concessions-queensland,6598
/factsheet-is144-pension-paydays-allowance-payment-dates-pension-periods-2016,7064
/factsheet-hsv107-rehabilitation-appliances-program,6314
/factsheet-dp01-overview-disability-pensions-and-allowances,6023
/factsheet-is44-ageinvalidity-service-pension,6177
/factsheet-mrc47-education-schemes,5273
/factsheet-dp79-supply-cars-or-car-parts-gst-free,5415
/factsheet-is74-renting-and-rent-assistance,5583
/factsheet-is58-qualifying-service-post-second-world-war-conflicts,5300
/factsheet-is88-asset-test-overview,5429
/factsheet-con02-concessions-victoria,5015
/factsheet-is45-partner-service-pension,5235
/factsheet-mrc42-household-services,5058
/factsheet-is87-income-test-overview,5202
/factsheet-mrc34-needs-assessment,4950
/factsheet-dp60-war-widower-s-pension-and-orphan-s-pension,4355
/factsheet-hsv03-dva-arranged-transport-under-repatriation-transport-scheme,4965
/factsheet-dp29-special-and-intermediate-rates,4360
/factsheet-hsv05-moving-residential-aged-care,4503
/factsheet-is165-service-and-social-security-age-pension-ready-reckoner-couples,4143
/factsheet-dva06-proof-identity-requirements,4731
/factsheet-hsv99-mental-health-support,4132
/factsheet-is03-income-support-supplement-overview,3914
/factsheet-mrc01-overview-military-rehabilitation-and-compensation-act-2004-mrca,4143
/factsheet-is92-giving-away-income-or-assets,4485
/factsheet-cep01-energy-supplement,4396
/factsheet-hip72-providers-rehabilitation-appliances-program,3605
/factsheet-mcs13-how-claim-benefits-under-safety-rehabilitation-and-compensation-act-1988-srca,3577
/factsheet-is125-pensioner-concession-card,4017
/factsheet-is160-overview-cards-available-veterans-and-their-dependants,4105
/factsheet-mcs07-permanent-impairment,3457
/factsheet-dp28-general-rate,3397
/factsheet-dp18-making-claimapplying-increase-disability-pension,3086
/factsheet-mrc45-student-start-scholarship-and-relocation-scholarship,3797
/factsheet-mrc43-compensation-payment-rates,3320
/factsheet-is77-travelling-or-living-overseas,3336
/factsheet-is02-how-claim-service-pension,3275
/factsheet-hsv92-repatriation-pharmaceutical-benefits-scheme,3335
/factsheet-hip80-health-providers-veterans-transport-information,3471
/factsheet-mcs01-overview-safety-rehabilitation-and-compensation-act-1988-srca,3186
/factsheet-is89-deeming-and-financial-assets,3169
/factsheet-mrc27-reconsideration-and-review-decisions,3191
/factsheet-mrc17-funeral-expenses,2599
/factsheet-mrc05-rehabilitation,2932
/factsheet-hsv77-convalescent-care,2839
/factsheet-is82-aged-care-and-your-finances,2703
/factsheet-is164-service-and-social-security-age-pension-ready-reckoner-singles,2554
/factsheet-mrc09-special-rate-disability-pension-safety-net-payment-srdp,2802
/factsheet-hsv22-hearing-services,2750
/factsheet-hsv19-physiotherapy-services,2738
/factsheet-hsv18-optical-services-and-supplies,2600
/factsheet-dp60-war-widower’s-pension-and-orphan’s-pension,2171
/factsheet-hsv101-coordinated-veterans-care-program,2683
/factsheet-dp22-statements-principles,2505
/factsheet-con05-concessions-western-australia,2502
/factsheet-hsv59-eligibility-dva-health-card-all-conditions-gold-or-totally-permanently,2553
/factsheet-dp82-disability-pension-and-compensation-offsetting,2564
/factsheet-hsv64-medical-expenses-privately-incurred,2390
/factsheet-is19-defence-force-income-support-allowance-dfisa,2550
/factsheet-hsv17-dental-services,2398
/factsheet-dp30-extreme-disablement-adjustment,2104
/factsheet-is57-australian-commonwealth-and-allied-world-war-2-veterans-qualifying-service,2272
/factsheet-is72-selling-your-home,2305
/factsheet-hsv65-medical-treatment-while-overseas,2226
/factsheet-dva03-overview-dva-benefits-and-services,2055
/factsheet-dp23-guide-assessment-rates-veterans-pensions-garp,1900
/factsheet-hsv16-community-nursing-services,2119
/factsheet-mrc18-bereavement-payments,1961
/factsheet-hsv30-exercise-physiology-services,2065
/factsheet-mrc25-how-make-claim-under-military-rehabilitation-and-compensation-act-2004,1908
/factsheet-is18-veterans-supplement,2084
/factsheet-is75-renting-and-rent-assistance-social-security-age-pensioners,2002
/factsheet-hsv20-podiatry-services,1880
/factsheet-mrc41-attendant-care,1815
/factsheet-con04-concessions-south-australia,1885
/factsheet-dp84-rights-review-respect-decision-your-claim-compensation-and-entitlements-under-vea,1801
/factsheet-is16-pension-supplement,1918
/factsheet-is73-granny-flats-retirement-villages-and-sale-leaseback-agreements,1892
/factsheet-dp78-vehicle-assistance-scheme,1753
/factsheet-hsv120-ambulance-services,1815
/factsheet-hip06-providers-community-nursing-services,1641
/factsheet-wg02-official-commemoration,1675
/factsheet-is85-taxation-and-your-dva-payments,1800
/factsheet-hsv131-alternative-therapies,1653
/factsheet-dp43-disability-pension-and-war-widower’s-pension-rates-and-allowances,1372
/factsheet-gs03-veteran-and-community-grants-program,1322
/factsheet-gs01-overview-grants-programs,1294
/factsheet-hsv74-hospital-services,1559
/factsheet-gs03-veteran-and-community-grants-program-vcg,1292
/factsheet-is167-income-support-supplement-ready-reckoner-singles,1450
/factsheet-dva19-factsheet-index,1262
/factsheet-is15-health-care-eligibility-service-pensioners,1641
/factsheet-hsv23-occupational-therapy-services,1557
/factsheet-is81-aged-care-and-your-income-support-pension,1554
/factsheet-dp81-war-widowers-pension-and-compensation-offsetting,1528
/factsheet-dp15-defence-and-peacekeeping-service-under-veterans-entitlements-act-1986,1470
/factsheet-leg01a-arrangements-other-people-act-your-behalf,1413
/factsheet-is05-social-security-age-pension-overview,1517
/factsheet-is12-supplements-allowances,1590
/factsheet-dp02-disability-pension-entitlements-service-wars-conflicts-and-operational-deployments,1500
/factsheet-hsv108-veterans-vocational-rehabilitation-scheme,1528
/factsheet-vcs01-veterans-and-veterans-families-counselling-service-vvcs,1494
/factsheet-is71-residential-circumstances,1432
/factsheet-is29-deeming-ready-reckoner,1361
/factsheet-cep03-essential-medical-equipment-payment,1236
/factsheet-is47-eligibility-social-security-age-pension-paid-through-dva,1313
/factsheet-hsv132-veterans-pharmaceutical-reimbursement-scheme,1464
/factsheet-is115-lump-sum-advance,1355
/factsheet-hsv62-commonwealth-and-other-allied-veterans-living-australia,1205
/factsheet-fip01-access-information,1227
/factsheet-hsv69-dva-health-card-pharmaceuticals-only-orange-card,1321
/factsheet-hsv13-chiropractic-services,1289
/factsheet-mrc40-mrca-and-srca-supplements,1315
/factsheet-hcs10-coordinated-veterans-care-cvc-social-assistance,1171
/factsheet-mrc10-motor-vehicle-compensation-scheme-mvcs,1200
/factsheet-mrc50-compensation-dependants-under-military-rehabilitation-and-compensation-act-2004,1169
/factsheet-is137-what-you-need-tell-us-about,1225
/factsheet-mrc39-comparison-benefits-dependants,1090
/factsheet-dp72-attendant-allowance,1132
/factsheet-is96-income-streams,1195
/factsheet-dp75-loss-earnings-allowance,1078
/factsheet-hsv21-dietetic-services,1096
/factsheet-hip01-providers-how-become-dva-health-provider,1086
/factsheet-hac01-defence-service-home-loans,1066
/factsheet-is04-how-claim-income-support-supplement,912
/factsheet-dp50-calculation-disability-pension-and-allowances-payments,1044
/factsheet-is95-funeral-bonds-and-prepaid-funeral-plans,1020
/factsheet-hcs05-waiver-copayments-veterans-home-care-services,998
/factsheet-hsv97-dental-implants,939
/factsheet-hsv20-podiatry-and-medical-grade-footwear-services,838
/benefits-and-payments/f-111-fuel-tank-maintenance/factsheets-and-forms,750
/factsheet-is94-wages-and-earnings,955
/factsheet-is35-how-work-out-your-rate-service-pension-couples,903
/factsheet-con07-concessions-northern-territory,859
/factsheet-hsv19-physiotherapy-services-veteran-community,872
/factsheet-is185-service-and-social-security-age-pension-transition-ready-reckoner-couples,712
/factsheet-con08-concessions-australian-capital-territory,818
/factsheet-is117-financial-hardship,871
/factsheet-gs02-building-excellence-support-and-training-best,803
/factsheet-con06-concessions-tasmania,838
/factsheet-vrb05-understanding-vea-assessment-cases,769
/factsheet-mrc49-income-support-bonus,804
/factsheet-hsv137-veterans-supplement-residential-care,827
/factsheet-dp85-calculating-fortnightly-equivalent-disability-pension-offset-using-australian,779
/factsheet-is116-pension-loans-scheme,826
/factsheet-mrc33-common-law-action-compensation-service-related-injuries-and-diseases,772
/factsheet-dp76-recreation-transport-allowance,750
/factsheet-is147-blind-pensioners,757
/factsheet-hsv80-local-medical-officer-and-medical-specialist-services,746
/factsheet-hip40-providers-hospital-admission-and-discharge,713
/factsheet-dp42-motorcycle-gst-rebate-scheme,684
/factsheet-is91-managed-investments,706
/factsheet-hsv14-osteopathic-services,707
/factsheet-is139-things-you-do-not-need-tell-us-about,699
/factsheet-is103-real-estate,658
/factsheet-is101-compensation,682
/factsheet-vrb01-veterans-review-board,616
/factsheet-is99-work-bonus,665
/factsheet-hsv136-veterans-supplement-home-care,651
/factsheet-dp74-decoration-allowance-and-victoria-cross-allowance,603
/factsheet-vcs03-effects-ptsd,657
/factsheet-pow01-benefits-available-australian-prisoners-war-and-their-dependants,609
/factsheet-is46-income-support-supplement,621
/factsheet-dp68-administrative-appeals-tribunal,611
/factsheet-leg01b-arrangements-other-people-receive-payments-your-behalf,509
/factsheet-wg01-what-does-office-australian-war-graves-do,571
/search/site/Factsheet CON0,554
/factsheet-gs04-long-tan-bursary,591
/factsheet-dva23-notifying-dva-your-compensation-payment,599
/factsheet-is184-service-and-social-security-age-pension-transition-ready-reckoner-singles,483
/factsheet-dp71-additional-disability-pension-specific-disabilities,600
/factsheet-hsv23-occupational-therapy-services-veteran-community,553
/factsheet-vrb04-how-prepare-my-entitlement-case-or-liability-case,508
/factsheet-is07-pension-bonus-scheme,533
/factsheet-is166-service-and-social-security-age-pension-ready-reckoner-illness-separated-couples,514
/factsheet-is138-what-you-need-tell-us-social-security-age-pension-paid-dva,518
/factsheet-hac02-defence-service-homes-insurance-scheme,512
/factsheet-hsv29-diabetes-educator-services,486
/factsheet-hsv139-information-veterans-medical-grade-footwear-program,507
/factsheet-is06-dfisa-bonus,500
/factsheet-ip01-reporting-fraud-dva,509
/factsheet-is168-income-support-supplement-ready-reckoner-couples,468
/factsheet-leg02-how-your-vea-srca-and-mrca-payments-are-protected,554
/factsheet-is106-loans-and-mortgages,511
/factsheet-dp83-british-nuclear-test-service-maralinga-emu-field-and-montebello-islands,431
/factsheet-is09-relationship-status,486
/factsheet-is161-education-entry-payment,525
/factsheet-is48-dependent-children-and-your-income-support-payments,497
/factsheet-f111-01-overview-benefits-and-services-f-111-workers,398
/factsheet-is50-residency,482
/factsheet-is121-crisis-payments,498
/factsheet-f111-02-tier-classification-and-tier-definitions,409
/factsheet-is97-foreign-pensions,471
/factsheet-f111-04-compensation-under-subsection-72-srca-f-111-workers,391
/factsheet-is141-date-effect-pension-variations-age-pensioners,439
/factsheet-vcs02-effects-mental-health-concerns-veterans-and-their-families,463
/factsheet-is34-how-work-out-your-rate-service-pension-singles,451
/factsheet-is122-imprisonment,455
/factsheet-dp13-asbestos-screening-program,427
/factsheet-f111-07-shoamp-health-care-scheme,374
/factsheet-hsv93-dose-administration-aid-service,382
/factsheet-is163-special-disability-trust,438
/factsheet-hsv140-alcohol-and-other-substance-treatment-services,403
/factsheet-hsv132-veterans’-pharmaceutical-reimbursement-scheme,413
/factsheet-is86-transitional-arrangements,408
/factsheet-is08-participating-pension-bonus-scheme,399
/factsheet-is187-income-support-supplement-transition-ready-reckoner-singles,342
/factsheet-gs05-grants-national-organisations-program,328
/factsheet-is65-service-certain-submarine-special-operations-1978-1992,397
/factsheet-is135-requesting-review-our-decision,380
/factsheet-f111-09-better-health-program,318
/factsheet-is79-home-equity-conversion-loans,395
/factsheet-hsv27-speech-pathology-services,337
/factsheet-hsv100-recovery-treatment-costs-dva-where-other-compensation-received,351
/factsheet-fip02-privacy,335
/factsheet-mrc48-schoolkids-bonus,329
/factsheet-dva21-feedback,339
/factsheet-is104-farms,335
/factsheet-mrc36-voluntary-work,354
/factsheet-mrc30-information-reservists,323
/factsheet-hip90-providers-optical-coherence-tomography,295
/factsheet-gs05-grants-aid-gia-program,275
/factsheet-hac01-defence-service-homes-dsh-subsidised-home-loan,317
/factsheet-dp73-clothing-allowance,321
/factsheet-is10-pension-bonus-estimator,281
/factsheet-is98-foreign-pensions-social-security-age-pension,303
/factsheet-vcs05-transition-civilian-life,294
/factsheet-pow02-prisoner-war-recognition-supplement,287
/factsheet-hsv136-veterans’-supplement-home-care,300
/search/site/factsheets,276
/factsheet-hsv97-dental-implants-veteran-community,276
/factsheet-is140-date-effect-pension-variations,264
/factsheet-nr01-nominal-rolls,247
/factsheet-is155-business-structures-private-trusts,265
/factsheet-vrb03-cost-veterans-review-board-hearings,251
/factsheet-vrb02-representation-veterans-review-board-hearings,228
/factsheet-mrc31-information-about-cadets-officers-cadets-and-instructors-cadets,242
/factsheet-is159-indexation-income-support-pensions-and-allowances,216
/factsheet-hsv10-residential-and-home-care-packages-former-prisoners-war-and-victoria-cross,200
/factsheet-is142-date-effect-pension-variations-reductions-and-cancellations,200
/factsheet-is188-income-support-supplement-transition-ready-reckoner-couples,200
/factsheet-is186-service-and-social-security-age-pension-transition-ready-reckoner-illness-separated,179
/factsheet-is158-private-trusts-and-private-companies-loans-and-liabilities,195
/factsheet-is143-date-effect-pension-variations-reductions-and-cancellations-age-pensioners,175
/factsheet-hsv80-local-medical-officer-and-medical-specialist-services-veteran-community,175
/factsheet-hsv137-veterans’-supplement-residential-care,180
/factsheet-is151-understanding-overpayment-recovery,176
/factsheet-fip04-confidentiality-social-security-centrelink-pension-information,170
/factsheet-dp13-asbestos-screening-program-0,124
/factsheet-is105-business-structures-partnerships-and-sole-traders,141
/factsheet-hac02-defence-service-homes,134
/search/site/factsheet,120
/factsheet-dp23-dva-compensation-assessment-guides-garp,103
/factsheet-f111-05-using-statutory-declarations-applications-tier-classification,103
/factsheet-is90-public-company-shares,125
/factsheet-vrb01-veterans’-review-board,114
/factsheet-is150-welfare-payment-reforms-overview,109
/factsheet-is48-children,82
/factsheet-is154-data-matching,104
/factsheet-is156-business-structures-private-companies,103
/factsheet-hsv10-financial-support-former-prisoners-war-and-victoria-cross-recipients-accessing-aged,92
/factsheet-mrc35-common-law-action-compensation-service-related-deaths,99
/factsheet-vrb06-summoning-witnesses-or-documents-veterans-review-board,93
/factsheet-f111-03-government-response-recommendations-parliamentary-inquiry,81
/factsheet-mrc29-australian-government-actuary-tables-used-age-adjusting-lump-sum-payments,74
/factsheet-is164-service-and-social-security-age-pension-ready-reckoner-singles-purpose,9
/search/site/Factsheets,49
/factsheet-vrb03-cost-veterans’-review-board-hearings,45
/factsheet-vrb02-representation-veterans’-review-board-hearings,40
/factsheet-gs17-advocacy-training-and-development-program,11
/search/site/Factsheet CON03,31
/about-dva/factsheets/factsheets-vdi,22
/factsheet-tip01-training-and-information-program,24
/factsheet-vrb06-summoning-witnesses-or-documents-veterans’-review-board,23
/factsheet-is186-service-and-social-security-age-pension-transition-ready-reckoner-illness,22
/factsheet-is57-–-australian-commonwealth-and-allied-world-war-2-veterans-qualifying-service,5
/factsheet-is99-–-work-bonus,7
/factsheet-mrc43-–-compensation-payment-rates,6
/search/site/Factsheet,17
/search/site/Factsheet CON0?page=1,15
/factsheet-is143-–-date-effect-pension-variations-reductions-and-cancellations-age-pensioners,8
/factsheet-is142-–-date-effect-pension-variations-reductions-and-cancellations,7
/search/site/Factsheet HSV02,11
/search/site/factsheets?page=1,13
/factsheet-is126-–-commonwealth-seniors-health-card,6
/factsheet-mrc29-–-australian-government-actuary-tables-used-age-adjusting-lump-sum-payments,5
/search/site/Factsheet CON01,10
/factsheet-is02-–-how-claim-service-pension,3
/factsheet-is122-–-imprisonment,5
/factsheet-is125-–-pensioner-concession-card,7
/factsheet-is145-–-pension-paydays-allowance-payment-dates-pension-periods-2017,3
/factsheet-is164-–-service-and-social-security-age-pension-ready-reckoner-singles,6
/search/site/Factsheet CON02,10
/search/site/Factsheet CON05,6
/factsheet-is01-–-service-pension-overview,3
/factsheet-is141-–-date-effect-pension-variations-age-pensioners,5
/factsheet-is158-–-private-trusts-and-private-companies-loans-and-liabilities,4
/factsheet-is165-–-service-and-social-security-age-pension-ready-reckoner-couples,6
/factsheet-is98-–-foreign-pensions-–-social-security-age-pension,4
/factsheet-is166-–-service-and-social-security-age-pension-ready-reckoner-illness-separated-couples,5
/factsheet-is187-–-income-support-supplement-transition-ready-reckoner-singles,4
/factsheet-is188-–-income-support-supplement-transition-ready-reckoner-couples,4
/factsheet-is58-–-qualifying-service-post-second-world-war-conflicts,3
/factsheet-is89-–-deeming-and-financial-assets,4
/benefits-and-payments/factsheets-and-forms,5
/factsheet-hsv109-non-liability-health-care-redirect-page,3
/factsheet-is10-–-pension-bonus-estimator,4
/factsheet-is104-–-farms,3
/factsheet-is105-–-business-structures-–-partnerships-and-sole-traders,4
/factsheet-is19-–-defence-force-income-support-allowance-dfisa,5
/factsheet-is74-–-renting-and-rent-assistance,3
/factsheet-is85-–-taxation-and-your-dva-payments,3
/factsheet-is94-–-wages-and-earnings,4
/search/site/FACTSHEET,8
/search/site/Factsheet HSV60,3
/search/site/FACTSHEETS,8
/factsheet-hcs01-veterans’-home-care,3
/factsheet-is04-–-how-claim-income-support-supplement,5
/factsheet-is115-–-lump-sum-advance,6
/factsheet-is117-–-financial-hardship,5
/factsheet-is121-–-crisis-payments,5
/factsheet-is159-–-indexation-income-support-pensions-and-allowances,4
/factsheet-is160-–-overview-cards-available-veterans-and-their-dependants,5
/factsheet-is163-–-special-disability-trust,4
/factsheet-is167-–-income-support-supplement-ready-reckoner-singles,4
/factsheet-is168-–-income-support-supplement-ready-reckoner-couples,4
/factsheet-is184-–-service-and-social-security-age-pension-transition-ready-reckoner-singles,4
/factsheet-is185-–-service-and-social-security-age-pension-transition-ready-reckoner-couples,4
/factsheet-is186-–-service-and-social-security-age-pension-transition-ready-reckoner-illness,4
/factsheet-is34-–-how-work-out-your-rate-service-pension-–-singles,4
/factsheet-is91-–-managed-investments,3
/factsheet-is95-–-funeral-bonds-and-prepaid-funeral-plans,4
/factsheet-mrc34-–-needs-assessment,3
/factsheet-mrc39-–-comparison-benefits-dependants,3
/search/site/Factsheet CON04,5
/search/site/Factsheet IS30,6
/search/site/factsheets?page=2,7
/factsheet-dp23-guide-assessment-rates-veterans’-pensions-garp,3
/factsheet-dp83-–-british-nuclear-test-service-maralinga-emu-field-and-montebello-islands,4
/factsheet-is03-–-income-support-supplement-overview,4
/factsheet-is08-–-participating-pension-bonus-scheme,3
/factsheet-is103-–-real-estate,4
/factsheet-is106-–-loans-and-mortgages,5
/factsheet-is116-–-pension-loans-scheme,5
/factsheet-is138-–-what-you-need-tell-us-social-security-age-pension-paid-dva,4
/factsheet-is144-–-pension-paydays-allowance-payment-dates-pension-periods-2016,3
/factsheet-is151-–-understanding-overpayment-recovery,4
/factsheet-is154-–-data-matching,4
/factsheet-is156-–-business-structures-private-companies,4
/factsheet-is44-–-ageinvalidity-service-pension,3
/factsheet-is45-–-partner-service-pension,3
/factsheet-is46-–-income-support-supplement,3
/factsheet-is47-–-eligibility-social-security-age-pension-paid-through-dva,3
/factsheet-is86-–-transitional-arrangements,3
/factsheet-mrc25-–-how-make-claim-under-military-rehabilitation-and-compensation-act-2004,3
/search/site/factsheet is30,6
/search/site/factsheet?page=1,6
/factsheet-hac02-–-defence-service-homes,3
/factsheet-hip80-health-providers-veterans’-transport-information,3
/factsheet-hsv100-–-recovery-treatment-costs-dva-where-other-compensation-received,4
/factsheet-hsv108-–-veterans-vocational-rehabilitation-scheme,4
/factsheet-hsv109-–-non-liability-health-care,3
/factsheet-hsv13-chiropractic-services-0,4
/factsheet-hsv136-–-veterans’-supplement-home-care,4
/factsheet-hsv30-exercise-physiology-services?ct=t(Newsletter_test_13_21_2017),5
/factsheet-ip01-–-reporting-fraud-dva,3
/factsheet-is05-–-social-security-age-pension-overview,3
/factsheet-is06-–-dfisa-bonus,3
/factsheet-is07-–-pension-bonus-scheme,3
/factsheet-is09-–-relationship-status,3
/factsheet-is137-–-what-you-need-tell-us-about,3
/factsheet-is139-–-things-you-do-not-need-tell-us-about,3
/factsheet-is140-–-date-effect-pension-variations,2
/factsheet-is147-–-blind-pensioners,4
/factsheet-is150-–-welfare-payment-reforms-overview,3
/factsheet-is155-–-business-structures-private-trusts,3
/factsheet-is161-–-education-entry-payment,3
/factsheet-is30-–-pension-rates-limits-and-allowances-summary,2
/factsheet-is35-–-how-work-out-your-rate-service-pension-couples,4
/factsheet-is48-–-children,3
/factsheet-is50-–-residency,3
/factsheet-is65-–-service-certain-submarine-special-operations-1978-1992,3
/factsheet-is71-–-residential-circumstances,3
/factsheet-is72-–-selling-your-home,3
/factsheet-is73-–-granny-flats-retirement-villages-and-sale-leaseback-agreements,3
/factsheet-is75-–-renting-and-rent-assistance-–-social-security-age-pensioners,3
/factsheet-is77-–-travelling-or-living-overseas,3
/factsheet-is79-–-home-equity-conversion-loans,3
/factsheet-is81-–-aged-care-and-your-income-support-pension,3
/factsheet-is82-–-aged-care-and-your-finances,3
/factsheet-is87-–-income-test-overview,3
/factsheet-is90-–-public-company-shares,3
/factsheet-is92-–-giving-away-income-or-assets,3
/factsheet-is97-–-foreign-pensions,3
/factsheet-mrc17-–-funeral-expenses,3
/factsheet-mrc27-–-reconsideration-and-review-decisions,3
/factsheet-mrc40-–-mrca-and-srca-supplements,4
/factsheet-mrc42-–-household-services,3
/factsheet-mrc47-–-education-schemes,3
/factsheet-mrc50-–-compensation-dependants-under-military-rehabilitation-and-compensation-act-2004,3
/search/site/Factsheet CON0?page=2,5
/search/site/Factsheet CON0?page=5,3
/search/site/Factsheet DP43,2
/search/site/factsheet HSV02,3
/search/site/Factsheet is126,1
/search/site/factsheet is164,4
/search/site/factsheet is165,3
/factsheet-dp15-defence-and-peacekeeping-service-under-veterans’-entitlements-act-1986,2
/factsheet-hac02-defence-service-home-insurance-scheme,1
/factsheet-hcs10-coordinated-veterans’-care-cvc-social-assistance,3
/factsheet-is96-–-income-streams,3
/factsheet-mrc18-–-bereavement-payments,3
/factsheet-mrc30-–-information-reservists,3
/factsheet-mrc31-–-information-about-cadets-officers-cadets-and-instructors-cadets,3
/factsheet-mrc33-–-common-law-action-compensation-service-related-injuries-and-diseases,3
/factsheet-mrc35-–-common-law-action-compensation-service-related-deaths,3
/factsheet-mrc36-–-voluntary-work,3
/factsheet-mrc41-–-attendant-care,3
/factsheet-mrc45-–-student-start-scholarship-and-relocation-scholarship,3
/factsheet-mrc48-–-schoolkids-bonus,3
/factsheet-mrc49-–-income-support-bonus,3
/factsheet-pow01-–-benefits-available-australian-prisoners-war-and-their-dependants,1
/search/site/D0503/factsheets,1
/search/site/Factsheet DP79,4
/search/site/factsheet DVA06,4
/search/site/Factsheet DVA06,4
/search/site/Factsheet IS165,3
/search/site/factsheet?page=8,2
/search/site/factsheets DVA06,1
/search/site/factsheets pdf,2
/tags/factsheet-index,3
/factsheet-dp68-–-administrative-appeals-tribunal,1
/factsheet-hsv65-–-medical-treatment-while-overseas,2
/factsheet-hsv77-–-convalescent-care,2
/factsheet-hsv92-–-repatriation-pharmaceutical-benefits-scheme,2
/factsheet-hsv93-–-dose-administration-aid-service,2
/factsheet-is101-–-compensation,2
/factsheet-is135-–-requesting-review-our-decision,2
/factsheet-is29-–-deeming-ready-reckoner,1
/factsheet-is88-–-asset-test-overview,2
/search/site/Factsheet CON0?page=3,3
/search/site/factsheet CON08,2
/search/site/Factsheet CON08,3
/search/site/factsheet DVA numbers,1
/search/site/factsheet HSV109,2
/search/site/Factsheet HSV22,2
/search/site/Factsheet HSV59,2
/search/site/Factsheet HSV77 Convalescent Care,2
/search/site/factsheet hsvo2,2
/search/site/factsheet is160,2
/search/site/factsheet IS165,1
/search/site/Factsheet IS58 Qualifying Service in Post Second World War Conflicts,1
/search/site/factsheet list,3
/search/site/factsheet pdf,2
/search/site/factsheet?page=10,2
/search/site/factsheet?page=2,2
/search/site/factsheet?page=3,2
/search/site/factsheet?page=5,2
/search/site/factsheets avao6,1
/search/site/Factsheets?page=1,3
/factsheet-is15-–-health-care-eligibility-service-pensioners,1
/factsheet-is18-–-veterans-supplement,1
/factsheet-vrb01-veterans’-review-board-0,2
/search?q=cache:xhH-PiOw_eIJ:www.dva.gov.au/factsheet-mrc47-education-schemes+&cd=2&hl=en&ct=clnk&gl=au,2
/search/site/Factsheet attendant care,1
/search/site/factsheet br04,2
/search/site/Factsheet CON,1
/search/site/factsheet CON 05,1
/search/site/Factsheet CON-3,1
/search/site/Factsheet CON0?page=37,2
/search/site/Factsheet CON0?page=4,2
/search/site/Factsheet CON0?page=6,2
/search/site/Factsheet CON0?page=8,2
/search/site/factsheet CON02,1
/search/site/Factsheet CON05?page=1,1
/search/site/Factsheet CON06,2
/search/site/Factsheet CON07,1
/search/site/factsheet concessions federal,1
/search/site/factsheet concessions federal?page=1,1
